{"encoder_version": {"cmdline": ["ffmpeg", "-nostats", "-loglevel", "error", "-y", "-r", "30", "-f", "rawvideo", "-s:v", "160x210", "-pix_fmt", "rgb24", "-i", "-", "-vcodec", "libx264", "-pix_fmt", "yuv420p", "/home/marsdenlab/projects/reinforcement_learning/python/2/results/q4_train_atari_linear/monitor/openaigym.video.5.8990.video000000.mp4"], "version": "ffmpeg version 2.8.11-0ubuntu0.16.04.1 Copyright (c) 2000-2017 the FFmpeg developers\nbuilt with gcc 5.4.0 (Ubuntu 5.4.0-6ubuntu1~16.04.4) 20160609\nconfiguration: --prefix=/usr --extra-version=0ubuntu0.16.04.1 --build-suffix=-ffmpeg --toolchain=hardened --libdir=/usr/lib/x86_64-linux-gnu --incdir=/usr/include/x86_64-linux-gnu --cc=cc --cxx=g++ --enable-gpl --enable-shared --disable-stripping --disable-decoder=libopenjpeg --disable-decoder=libschroedinger --enable-avresample --enable-avisynth --enable-gnutls --enable-ladspa --enable-libass --enable-libbluray --enable-libbs2b --enable-libcaca --enable-libcdio --enable-libflite --enable-libfontconfig --enable-libfreetype --enable-libfribidi --enable-libgme --enable-libgsm --enable-libmodplug --enable-libmp3lame --enable-libopenjpeg --enable-libopus --enable-libpulse --enable-librtmp --enable-libschroedinger --enable-libshine --enable-libsnappy --enable-libsoxr --enable-libspeex --enable-libssh --enable-libtheora --enable-libtwolame --enable-libvorbis --enable-libvpx --enable-libwavpack --enable-libwebp --enable-libx265 --enable-libxvid --enable-libzvbi --enable-openal --enable-opengl --enable-x11grab --enable-libdc1394 --enable-libiec61883 --enable-libzmq --enable-frei0r --enable-libx264 --enable-libopencv\nlibavutil      54. 31.100 / 54. 31.100\nlibavcodec     56. 60.100 / 56. 60.100\nlibavformat    56. 40.101 / 56. 40.101\nlibavdevice    56.  4.100 / 56.  4.100\nlibavfilter     5. 40.101 /  5. 40.101\nlibavresample   2.  1.  0 /  2.  1.  0\nlibswscale      3.  1.101 /  3.  1.101\nlibswresample   1.  2.101 /  1.  2.101\nlibpostproc    53.  3.100 / 53.  3.100\n", "backend": "ffmpeg"}, "content_type": "video/mp4", "episode_id": 0}